Issuer Name,Issue Date,Maturity,Bid Price,Ask Price,Cpn,Currency,Observed_Price,Predicted_Price,Price_Residual
United States Treasury Note/Bond,2018-02-28,2025-02-28,99.98046875,100.0078125,2.75,USD,101.15990149456522,101.12373622630668,0.03616526825854294
United States Treasury Note/Bond,2023-02-28,2025-02-28,99.984375,100.01953125,4.625,USD,101.96255095108695,102.05891257858448,-0.09636162749752941
United States Treasury Note/Bond,2020-03-02,2025-02-28,99.9453125,100.01171875,1.125,USD,100.45541779891305,100.31325005433257,0.1421677445804761
United States Treasury Note/Bond,2022-03-15,2025-03-15,99.859375,99.9140625,1.75,USD,100.5538458218232,100.53400012923564,0.019845692587566077
United States Treasury Note/Bond,2020-03-31,2025-03-31,99.62109375,99.703125,0.5,USD,99.83106541895604,99.67097996632286,0.16008545263318297
United States Treasury Note/Bond,2023-03-31,2025-03-31,99.9375,99.9921875,3.875,USD,101.27425309065934,101.348733369746,-0.07448027908665722
United States Treasury Note/Bond,2018-04-02,2025-03-31,99.8203125,99.88671875,2.625,USD,100.74053485576923,100.72734322033003,0.01319163543919899
United States Treasury Note/Bond,2022-04-18,2025-04-15,99.74609375,99.8359375,2.625,USD,100.56986177884616,100.57376782541249,-0.003906046566328314
United States Treasury Note/Bond,2018-04-30,2025-04-30,99.73046875,99.79296875,2.875,USD,100.4962654532967,100.54006536178565,-0.04379990848894977
United States Treasury Note/Bond,2020-04-30,2025-04-30,99.2734375,99.3671875,0.375,USD,99.41612293956044,99.30112432220727,0.11499861735316586
United States Treasury Note/Bond,2023-05-01,2025-04-30,99.90625,99.9453125,3.875,USD,100.91582245879121,101.03564177761702,-0.11981931882580454
United States Treasury Note/Bond,2015-05-15,2025-05-15,99.515625,99.58203125,2.125,USD,100.00083088743094,100.02201448797756,-0.02118360054662105
United States Treasury Note/Bond,2022-05-16,2025-05-15,99.65625,99.7109375,2.75,USD,100.26853850138122,100.33129715491626,-0.06275865353504173
United States Treasury Note/Bond,2018-05-31,2025-05-31,99.59375,99.6640625,2.875,USD,100.1186040521978,100.11478074652773,0.0038233056700676116
United States Treasury Note/Bond,2023-05-31,2025-05-31,99.9609375,100.00390625,4.25,USD,100.7063229739011,100.79331592102669,-0.08699294712559436
United States Treasury Note/Bond,2020-06-01,2025-05-31,98.91796875,99.0078125,0.25,USD,99.00547304258242,98.81939541339335,0.18607762918907156
United States Treasury Note/Bond,2022-06-15,2025-06-15,99.54296875,99.60546875,2.875,USD,99.94544127747253,99.95506985990865,-0.009628582436121746
United States Treasury Note/Bond,2020-06-30,2025-06-30,98.6328125,98.6875,0.25,USD,98.68213427197803,98.49154515984485,0.19058911213318197
United States Treasury Note/Bond,2023-06-30,2025-06-30,100.08984375,100.140625,4.625,USD,100.5218277815934,100.64335794423597,-0.12153016264257133
United States Treasury Note/Bond,2018-07-02,2025-06-30,99.46875,99.51171875,2.75,USD,99.73199261675825,99.7211524652112,0.01084015154704332
United States Treasury Note/Bond,2022-07-15,2025-07-15,99.4921875,99.53125,3.0,USD,99.64431543508287,99.6602666471043,-0.015951212021420247
United States Treasury Note/Bond,2018-07-31,2025-07-31,99.38671875,99.43359375,2.875,USD,99.41015625,99.42116879430819,-0.011012544308186989
United States Treasury Note/Bond,2020-07-31,2025-07-31,98.27734375,98.3359375,0.25,USD,98.306640625,98.13475810750569,0.1718825174943106
United States Treasury Note/Bond,2023-07-31,2025-07-31,100.171875,100.2109375,4.75,USD,100.19140625,100.3400335705957,-0.1486273205956934
United States Treasury Note/Bond,1995-08-15,2025-08-15,101.13671875,101.73046875,6.875,USD,104.59086277173913,104.65124332828297,-0.060380556543847774
United States Treasury Note/Bond,2022-08-15,2025-08-15,99.44140625,99.4765625,3.125,USD,100.8941066576087,100.94470243932146,-0.050595781712758026
United States Treasury Note/Bond,2015-08-17,2025-08-15,98.91796875,98.953125,2.0,USD,99.85402513586956,99.83274017263301,0.021284963236553267
United States Treasury Note/Bond,2018-08-31,2025-08-31,99.19921875,99.23828125,2.75,USD,100.38451086956522,100.32542959608853,0.059081273476692786
United States Treasury Note/Bond,2020-08-31,2025-08-31,97.953125,98.01171875,0.25,USD,98.08840013586956,97.85838182988564,0.23001830598391848
United States Treasury Note/Bond,2023-08-31,2025-08-31,100.3203125,100.34765625,5.0,USD,102.4535495923913,102.54577258567114,-0.09222299327984729
United States Treasury Note/Bond,2022-09-15,2025-09-15,99.55859375,99.59375,3.5,USD,100.9104260186464,100.925133170193,-0.014707151546602404
United States Treasury Note/Bond,2018-10-01,2025-09-30,99.25390625,99.28125,3.0,USD,100.28691514157458,100.28704966601165,-0.00013452443707251405
United States Treasury Note/Bond,2023-10-02,2025-09-30,100.3828125,100.4296875,5.0,USD,102.1051450276243,102.25590938410053,-0.15076435647623043
United States Treasury Note/Bond,2020-09-30,2025-09-30,97.625,97.69140625,0.25,USD,97.74314787638122,97.57986755363943,0.16328032274178383
United States Treasury Note/Bond,2022-10-17,2025-10-15,99.98828125,100.01953125,4.25,USD,101.26489526098901,101.37143128237688,-0.10653602138786766
United States Treasury Note/Bond,2018-10-31,2025-10-31,99.16015625,99.1953125,3.0,USD,99.94421789148352,99.89375356779983,0.05046432368368414
United States Treasury Note/Bond,2023-10-31,2025-10-31,100.46484375,100.51171875,5.0,USD,101.76575377747253,101.85443373266752,-0.08867995519499061
United States Treasury Note/Bond,2020-11-02,2025-10-31,97.328125,97.390625,0.25,USD,97.42324862637362,97.19781834110677,0.22543028526685305
United States Treasury Note/Bond,2022-11-15,2025-11-15,100.1328125,100.16015625,4.5,USD,101.10366669544199,101.21958379375458,-0.11591709831259323
United States Treasury Note/Bond,2015-11-16,2025-11-15,98.56640625,98.609375,2.25,USD,99.066481785221,99.01700392220536,0.049477863015638945
United States Treasury Note/Bond,2018-11-30,2025-11-30,98.9609375,99.0,2.875,USD,99.47287206491713,99.48807654923323,-0.015204484316100775
United States Treasury Note/Bond,2020-11-30,2025-11-30,97.09765625,97.15625,0.375,USD,97.19117964433701,97.04416738184331,0.14701226249370336
United States Treasury Note/Bond,2023-11-30,2025-11-30,100.421875,100.45703125,4.875,USD,101.27439787638122,101.44320388314517,-0.1688060067639583
United States Treasury Note/Bond,2022-12-15,2025-12-15,99.80859375,99.8515625,4.0,USD,100.34656164148352,100.45419766770151,-0.10763602621798896
United States Treasury Note/Bond,2024-01-02,2025-12-31,100.0,100.04296875,4.25,USD,100.39511074862638,100.45661710796554,-0.061506359339162486
United States Treasury Note/Bond,2018-12-31,2025-12-31,98.68359375,98.72265625,2.625,USD,98.93389423076923,98.87477645926018,0.059117771509050954
United States Treasury Note/Bond,2020-12-31,2025-12-31,96.8203125,96.88671875,0.375,USD,96.88648265796704,96.68453556105275,0.2019470969142816
United States Treasury Note/Bond,2023-01-17,2026-01-15,99.7109375,99.74609375,3.875,USD,99.89978634323204,99.93301082914607,-0.03322448591403315
United States Treasury Note/Bond,2019-01-31,2026-01-31,98.55078125,98.5859375,2.625,USD,98.568359375,98.54831441874106,0.020044956258942648
United States Treasury Note/Bond,2024-01-31,2026-01-31,100.0,100.02734375,4.25,USD,100.013671875,100.12467915896046,-0.11100728396046122
United States Treasury Note/Bond,2021-02-01,2026-01-31,96.5,96.55859375,0.375,USD,96.529296875,96.36565554766803,0.16364132733197323
United States Treasury Note/Bond,1996-02-15,2026-02-15,101.51953125,102.140625,6.0,USD,104.58551290760869,104.63870378279634,-0.053190875187652864
United States Treasury Note/Bond,2023-02-15,2026-02-15,99.76953125,99.80859375,4.0,USD,101.62601902173913,101.70354956408362,-0.07753054234449053
United States Treasury Note/Bond,2016-02-16,2026-02-15,97.5390625,97.57421875,1.625,USD,98.30290421195652,98.21805392936224,0.08485028259427452
United States Treasury Note/Bond,2019-02-28,2026-02-28,98.30859375,98.3359375,2.5,USD,99.38204823369566,99.34755073014095,0.03449750355470371
United States Treasury Note/Bond,2024-02-29,2026-02-28,100.375,100.39453125,4.625,USD,102.34536345108695,102.46242939853384,-0.11706594744688914
United States Treasury Note/Bond,2021-03-01,2026-02-28,96.3359375,96.3828125,0.5,USD,96.57133152173913,96.41590021871237,0.15543130302675934
United States Treasury Note/Bond,2023-03-15,2026-03-15,100.39453125,100.4296875,4.625,USD,102.17523092196133,102.31626564138621,-0.14103471942488
United States Treasury Note/Bond,2021-03-31,2026-03-31,96.33203125,96.359375,0.75,USD,96.60053737914365,96.42194704301687,0.17859033612677422
United States Treasury Note/Bond,2019-04-01,2026-03-31,97.92578125,97.9609375,2.25,USD,98.70786213743094,98.61353796843584,0.09432416899510088
United States Treasury Note/Bond,2024-04-01,2026-03-31,100.2890625,100.31640625,4.5,USD,101.83173989986187,101.90092435656429,-0.06918445670241624
United States Treasury Note/Bond,2023-04-17,2026-04-15,99.4921875,99.51171875,3.75,USD,100.61459048763736,100.66522078109698,-0.050630293459619224
United States Treasury Note/Bond,2019-04-30,2026-04-30,97.92578125,97.95703125,2.375,USD,98.54820570054945,98.52482540081228,0.023380299737169707
United States Treasury Note/Bond,2021-04-30,2026-04-30,96.07421875,96.10546875,0.75,USD,96.28146462912088,96.15837571632606,0.12308891279481315
United States Treasury Note/Bond,2024-04-30,2026-04-30,100.74609375,100.765625,4.875,USD,102.00139508928571,102.16551722309875,-0.16412213381303786
United States Treasury Note/Bond,2023-05-15,2026-05-15,99.3203125,99.34765625,3.625,USD,100.10504791091161,100.21151712091878,-0.10646921000717668
United States Treasury Note/Bond,2016-05-16,2026-05-15,96.97265625,97.0078125,1.625,USD,97.33588354627072,97.30424743800204,0.03163610826868535
United States Treasury Note/Bond,2019-05-31,2026-05-31,97.46875,97.5,2.125,USD,97.84832527624309,97.77888461789406,0.06944065834902347
United States Treasury Note/Bond,2024-05-31,2026-05-31,100.8046875,100.828125,4.875,USD,101.65135100138122,101.76924676767757,-0.1178957662963569
United States Treasury Note/Bond,2021-06-01,2026-05-31,95.8046875,95.8359375,0.75,USD,95.94876553867404,95.78370354300232,0.16506199567172075
United States Treasury Note/Bond,2023-06-15,2026-06-15,99.921875,99.94140625,4.125,USD,100.46426425137362,100.52340719216616,-0.059142940792540344
United States Treasury Note/Bond,2021-06-30,2026-06-30,95.703125,95.734375,0.875,USD,95.79567307692308,95.66147464581819,0.13419843110489182
United States Treasury Note/Bond,2019-07-01,2026-06-30,97.01171875,97.04296875,1.875,USD,97.19217891483517,97.10750083374514,0.08467808109003272
United States Treasury Note/Bond,2024-07-01,2026-06-30,100.5703125,100.5859375,4.625,USD,100.9847184065934,101.08407285054423,-0.09935444395082982
United States Treasury Note/Bond,2023-07-17,2026-07-15,100.42578125,100.44140625,4.5,USD,100.6324887776243,100.72610297157156,-0.09361419394726056
United States Treasury Note/Bond,2019-07-31,2026-07-31,96.8359375,96.86328125,1.875,USD,96.849609375,96.78214707436062,0.0674623006393773
United States Treasury Note/Bond,2024-07-31,2026-07-31,100.2578125,100.28125,4.375,USD,100.26953125,100.38333925946921,-0.11380800946920999
United States Treasury Note/Bond,2021-08-02,2026-07-31,95.11328125,95.14453125,0.625,USD,95.12890625,94.98155098180635,0.14735526819364964
United States Treasury Note/Bond,1996-08-15,2026-08-15,103.53515625,104.0859375,6.75,USD,106.91041100543478,107.02027159053688,-0.10986058510209773
United States Treasury Note/Bond,2016-08-15,2026-08-15,96.21875,96.25,1.5,USD,96.92323369565217,96.84947405402178,0.07375964163038873
United States Treasury Note/Bond,2023-08-15,2026-08-15,100.26953125,100.2890625,4.375,USD,102.28846807065217,102.41919651449435,-0.1307284438421732
United States Treasury Note/Bond,2021-08-31,2026-08-31,95.01953125,95.05078125,0.75,USD,95.3530910326087,95.1902165573322,0.1628744752764959
United States Treasury Note/Bond,2019-09-03,2026-08-31,95.94921875,95.9765625,1.375,USD,96.54577105978261,96.39929273323565,0.14647832654695492
United States Treasury Note/Bond,2024-09-03,2026-08-31,99.36328125,99.38671875,3.75,USD,100.96467391304348,100.99378220166881,-0.029108288625323553
United States Treasury Note/Bond,2023-09-15,2026-09-15,100.6640625,100.68359375,4.625,USD,102.43694967196133,102.54486863805597,-0.10791896609464402
United States Treasury Note/Bond,2019-09-30,2026-09-30,96.12109375,96.1484375,1.625,USD,96.6869065089779,96.61523704878549,0.07166946019241038
United States Treasury Note/Bond,2021-09-30,2026-09-30,94.953125,94.98046875,0.875,USD,95.26410350483425,95.16847732049939,0.09562618433486136
United States Treasury Note/Bond,2024-09-30,2026-09-30,98.96484375,98.98046875,3.5,USD,100.16188276933701,100.23213636950078,-0.0702536001637668
United States Treasury Note/Bond,2023-10-16,2026-10-15,100.6953125,100.71875,4.625,USD,102.07928399725274,102.25147128565443,-0.1721872884016875
United States Treasury Note/Bond,2019-10-31,2026-10-31,95.90234375,95.9296875,1.625,USD,96.33119419642857,96.25010407757155,0.08109011885701989
United States Treasury Note/Bond,2024-10-31,2026-10-31,99.90234375,99.91015625,4.125,USD,100.96016483516483,101.05488336908412,-0.0947185339192913
United States Treasury Note/Bond,2021-11-01,2026-10-31,95.08984375,95.1171875,1.125,USD,95.39094694368131,95.28914821926904,0.10179872441227644
United States Treasury Note/Bond,1996-11-15,2026-11-15,104.08203125,104.58984375,6.5,USD,105.71853418508287,105.47491810940843,0.24361607567443855
United States Treasury Note/Bond,2016-11-15,2026-11-15,96.41015625,96.4453125,2.0,USD,96.85314873964089,96.84097869630978,0.012170043331110492
United States Treasury Note/Bond,2023-11-15,2026-11-15,100.71875,100.73828125,4.625,USD,101.71228634323204,101.87744335395065,-0.165157010718616
United States Treasury Note/Bond,2021-11-30,2026-11-30,95.08984375,95.12109375,1.25,USD,95.31955714779005,95.25805931810827,0.061497829681783855
United States Treasury Note/Bond,2019-12-02,2026-11-30,95.72265625,95.75,1.625,USD,96.01464304212708,95.97655591650965,0.03808712561742311
United States Treasury Note/Bond,2024-12-02,2026-11-30,100.125,100.12890625,4.25,USD,100.85485367748619,101.0060321053194,-0.15117842783321578
United States Treasury Note/Bond,2023-12-15,2026-12-15,100.3359375,100.3515625,4.375,USD,100.90865384615384,101.09100423028546,-0.18235038413162385
United States Treasury Note/Bond,2019-12-31,2026-12-31,95.765625,95.79296875,1.75,USD,95.93314302884616,95.81299274007705,0.1201502887691106
United States Treasury Note/Bond,2021-12-31,2026-12-31,94.875,94.8984375,1.25,USD,94.99660885989012,94.85879638239312,0.13781247749699332
United States Treasury Note/Bond,2024-12-31,2026-12-31,100.13671875,100.14453125,4.25,USD,100.51425137362638,100.5839745284967,-0.06972315487031722
United States Treasury Note/Bond,2024-01-16,2027-01-15,99.6875,99.703125,4.0,USD,99.8721080801105,99.92027459718685,-0.04816651707635344
United States Treasury Note/Bond,2020-01-31,2027-01-31,95.09375,95.125,1.5,USD,95.109375,94.95578771648084,0.1535872835191583
United States Treasury Note/Bond,2025-01-31,2027-01-31,99.921875,99.9296875,4.125,USD,99.92578125,99.94590832009652,-0.020127070096521038
United States Treasury Note/Bond,2017-02-15,2027-02-15,96.390625,96.43359375,2.25,USD,97.44539741847827,97.27238374016555,0.17301367831271364
United States Treasury Note/Bond,2024-02-15,2027-02-15,99.921875,99.9453125,4.125,USD,101.82795516304348,101.76618476778148,0.0617703952620019
United States Treasury Note/Bond,1997-02-18,2027-02-15,104.8359375,105.2578125,6.625,USD,108.08933423913044,107.75791947126935,0.3314147678610908
United States Treasury Note/Bond,2022-02-28,2027-02-28,95.625,95.65234375,1.875,USD,96.43350883152173,96.14159208903253,0.2919167424892066
United States Treasury Note/Bond,2025-02-28,2027-02-28,99.93359375,99.9453125,4.125,USD,99.939453125,101.52649930902233,-1.5870461840223271
United States Treasury Note/Bond,2020-03-02,2027-02-28,94.2109375,94.2421875,1.125,USD,94.70346467391305,94.3466230157026,0.3568416582104419
United States Treasury Note/Bond,2024-03-15,2027-03-15,100.140625,100.1796875,4.25,USD,101.78032199585635,101.70611405243551,0.07420794342084491
United States Treasury Note/Bond,2020-03-31,2027-03-31,92.953125,93.0078125,0.625,USD,93.19283062845304,92.95805785370212,0.2347727747509225
United States Treasury Note/Bond,2022-03-31,2027-03-31,96.71875,96.7578125,2.5,USD,97.58772876381215,97.43245647111642,0.1552722926957273
United States Treasury Note/Bond,2024-04-15,2027-04-15,100.6484375,100.6953125,4.5,USD,102.00703983516483,102.09875404658334,-0.09171421141850544
United States Treasury Note/Bond,2020-04-30,2027-04-30,92.4296875,92.4921875,0.5,USD,92.58868475274726,92.46198175684657,0.12670299590068623
United States Treasury Note/Bond,2022-05-02,2027-04-30,97.0703125,97.1171875,2.75,USD,97.79635989010988,97.8143172675569,-0.01795737744701853
United States Treasury Note/Bond,2017-05-15,2027-05-15,96.2265625,96.265625,2.375,USD,96.75127330801105,96.79060172483348,-0.03932841682242838
United States Treasury Note/Bond,2024-05-15,2027-05-15,100.671875,100.703125,4.5,USD,101.64468232044199,101.83622316968767,-0.19154084924568338
United States Treasury Note/Bond,2022-05-31,2027-05-31,96.6796875,96.7265625,2.625,USD,97.15271063535911,97.14504144597234,0.007669189386774633
United States Treasury Note/Bond,2020-06-01,2027-05-31,92.1640625,92.1953125,0.5,USD,92.26532285911603,92.10751222732901,0.15781063178701515
United States Treasury Note/Bond,2024-06-17,2027-06-15,101.0,101.03125,4.625,USD,101.61280906593407,101.72137159048866,-0.1085625245545856
United States Treasury Note/Bond,2020-06-30,2027-06-30,91.8984375,91.9375,0.5,USD,91.96192479395604,91.81057583356902,0.1513489603870255
United States Treasury Note/Bond,2022-06-30,2027-06-30,98.015625,98.046875,3.25,USD,98.31696428571429,98.30663296659051,0.010331319123778826
United States Treasury Note/Bond,2024-07-15,2027-07-15,100.4765625,100.5,4.375,USD,100.68165141574586,100.77552140687435,-0.09386999112848571
United States Treasury Note/Bond,2020-07-31,2027-07-31,91.3203125,91.3671875,0.375,USD,91.34375,91.19368127224283,0.15006872775717284
United States Treasury Note/Bond,2022-08-01,2027-07-31,96.75,96.7890625,2.75,USD,96.76953125,96.78100103511429,-0.011469785114286424
United States Treasury Note/Bond,1997-08-15,2027-08-15,105.0,105.4921875,6.375,USD,108.17374320652173,108.33058363455777,-0.15684042803603404
United States Treasury Note/Bond,2017-08-15,2027-08-15,95.546875,95.59375,2.25,USD,96.60360054347827,96.58431538673923,0.01928515673903064
United States Treasury Note/Bond,2024-08-15,2027-08-15,99.03125,99.0546875,3.75,USD,100.76511548913044,100.85568565867324,-0.09057016954280073
United States Treasury Note/Bond,2020-08-31,2027-08-31,91.3515625,91.3828125,0.5,USD,91.57914402173913,91.38333993877606,0.19580408296306473
United States Treasury Note/Bond,2022-08-31,2027-08-31,97.53125,97.5703125,3.125,USD,98.87550951086956,98.84648018152039,0.029029329349171462
United States Treasury Note/Bond,2024-09-16,2027-09-15,98.109375,98.125,3.375,USD,99.40378970994475,99.43518199759875,-0.031392287654000484
United States Treasury Note/Bond,2020-09-30,2027-09-30,90.7734375,90.8203125,0.375,USD,90.92429212707182,90.7927381914004,0.1315539356714197
United States Treasury Note/Bond,2022-09-30,2027-09-30,99.921875,99.9453125,4.125,USD,101.33518214779005,101.4247110114407,-0.08952886365065638
United States Treasury Note/Bond,2024-10-15,2027-10-15,99.2734375,99.296875,3.875,USD,100.43488152472527,100.56172273365542,-0.12684120893014494
United States Treasury Note/Bond,2022-10-31,2027-10-31,99.8984375,99.9296875,4.125,USD,100.96797733516483,101.00572631624398,-0.03774898107914737
United States Treasury Note/Bond,2020-11-02,2027-10-31,90.78125,90.828125,0.5,USD,90.93243475274726,90.76304560473692,0.16938914801033889
United States Treasury Note/Bond,2017-11-15,2027-11-15,95.1015625,95.1484375,2.25,USD,95.603591160221,95.56483780877652,0.038753351444484
United States Treasury Note/Bond,2024-11-15,2027-11-15,99.8828125,99.8984375,4.125,USD,100.76804212707182,100.85328208703356,-0.08523995996173994
United States Treasury Note/Bond,1997-11-17,2027-11-15,104.8203125,105.3984375,6.125,USD,106.41220649171271,106.49428931717443,-0.0820828254617254
United States Treasury Note/Bond,2020-11-30,2027-11-30,90.828125,90.875,0.625,USD,90.95860669889503,90.85161282600538,0.10699387288964601
United States Treasury Note/Bond,2022-11-30,2027-11-30,99.2265625,99.265625,3.875,USD,99.90976778314918,100.00572173800623,-0.09595395485705183
United States Treasury Note/Bond,2024-12-16,2027-12-15,99.5703125,99.5859375,4.0,USD,100.09460851648352,100.20396264195426,-0.10935412547074463
United States Treasury Note/Bond,2023-01-03,2027-12-31,99.2265625,99.2578125,3.875,USD,99.58284684065934,99.532616784027,0.050230056632344144
United States Treasury Note/Bond,2020-12-31,2027-12-31,90.5625,90.6015625,0.625,USD,90.63697630494505,90.41471272254331,0.22226358240173738
United States Treasury Note/Bond,2025-01-15,2028-01-15,100.2109375,100.2265625,4.25,USD,100.4065953038674,100.33420980760685,0.07238549626055146
United States Treasury Note/Bond,2023-01-31,2028-01-31,98.1640625,98.203125,3.5,USD,98.18359375,97.96522622074093,0.21836752925906922
United States Treasury Note/Bond,2021-02-01,2028-01-31,90.640625,90.703125,0.75,USD,90.671875,90.28311319173068,0.3887618082693223
United States Treasury Note/Bond,2018-02-15,2028-02-15,96.0390625,96.09375,2.75,USD,97.32931385869566,96.99339279729159,0.33592106140406486
United States Treasury Note/Bond,2025-02-18,2028-02-15,100.2421875,100.25,4.25,USD,100.24609375,101.9244120011522,-1.6783182511522057
United States Treasury Note/Bond,2023-02-28,2028-02-29,99.5,99.53125,4.0,USD,101.21127717391305,101.02829044169012,0.18298673222292905
United States Treasury Note/Bond,2021-03-01,2028-02-29,91.4765625,91.5234375,1.125,USD,91.97690217391305,91.58985064101722,0.38705153289582483
United States Treasury Note/Bond,2021-03-31,2028-03-31,91.6015625,91.65625,1.25,USD,92.05363000690608,91.86142258503284,0.1922074218732348
United States Treasury Note/Bond,2023-03-31,2028-03-31,98.421875,98.453125,3.625,USD,99.66919889502762,99.6372607755648,0.0319381194628221
United States Treasury Note/Bond,2021-04-30,2028-04-30,91.3671875,91.4140625,1.25,USD,91.70999313186813,91.70983221269228,0.00016091917585470128
United States Treasury Note/Bond,2023-05-01,2028-04-30,97.9921875,98.03125,3.5,USD,98.90594951923077,99.05455716579262,-0.14860764656184244
United States Treasury Note/Bond,2018-05-15,2028-05-15,96.1015625,96.140625,2.875,USD,96.73262689917127,96.84258074500717,-0.10995384583590351
United States Treasury Note/Bond,2023-05-31,2028-05-31,98.3125,98.34375,3.625,USD,98.94898135359117,98.92031729414464,0.028664059446526835
United States Treasury Note/Bond,2021-06-01,2028-05-31,91.1171875,91.1953125,1.25,USD,91.37033839779005,91.1960988574413,0.17423954034875067
United States Treasury Note/Bond,2021-06-30,2028-06-30,90.90625,90.953125,1.25,USD,91.03957760989012,90.96805628128332,0.07152132860679217
United States Treasury Note/Bond,2023-06-30,2028-06-30,99.4453125,99.4765625,4.0,USD,99.81258585164835,99.8805926494153,-0.06800679776695517
United States Treasury Note/Bond,2023-07-31,2028-07-31,99.8125,99.84375,4.125,USD,99.828125,100.01381190202419,-0.18568690202418736
United States Treasury Note/Bond,2021-08-02,2028-07-31,89.9140625,89.96875,1.0,USD,89.94140625,89.92941292338689,0.01199332661310848
United States Treasury Note/Bond,2018-08-15,2028-08-15,95.7890625,95.828125,2.875,USD,97.12890625,97.21284295831667,-0.08393670831667066
United States Treasury Note/Bond,1998-08-17,2028-08-15,104.3671875,104.65625,5.5,USD,107.0375339673913,106.97767565883076,0.059858308560535534
United States Treasury Note/Bond,2021-08-31,2028-08-31,90.0703125,90.1171875,1.125,USD,90.57065217391305,90.37251479996027,0.19813737395277542
United States Treasury Note/Bond,2023-08-31,2028-08-31,100.578125,100.609375,4.375,USD,102.44836956521739,102.44271393953842,0.005655625678969045
United States Treasury Note/Bond,2023-10-02,2028-09-30,101.421875,101.453125,4.625,USD,103.00897790055248,103.14570306286548,-0.1367251623129988
United States Treasury Note/Bond,2021-09-30,2028-09-30,90.2734375,90.3203125,1.25,USD,90.72159875690608,90.64290493569757,0.07869382120850332
United States Treasury Note/Bond,2023-10-31,2028-10-31,102.28125,102.3125,4.875,USD,103.54241071428571,103.65483400509403,-0.11242329080832292
United States Treasury Note/Bond,2021-11-01,2028-10-31,90.46875,90.515625,1.375,USD,90.84349244505495,90.73077074709583,0.1127216979591168
United States Treasury Note/Bond,2018-11-15,2028-11-15,96.3203125,96.359375,3.125,USD,97.00455369475138,97.00429930618974,0.0002543885616432817
United States Treasury Note/Bond,1998-11-16,2028-11-15,103.4296875,103.7421875,5.25,USD,104.70265020718232,104.83561016809008,-0.13295996090776896
United States Treasury Note/Bond,2021-11-30,2028-11-30,90.6953125,90.7578125,1.5,USD,90.98346857734806,90.85526685461127,0.1282017227367902
United States Treasury Note/Bond,2023-11-30,2028-11-30,100.5859375,100.6171875,4.375,USD,101.35087189226519,101.43496209353955,-0.08409020127436406
United States Treasury Note/Bond,2024-01-02,2028-12-31,98.40625,98.4296875,3.75,USD,98.74763907967034,98.76240951855496,-0.014770438884625037
United States Treasury Note/Bond,2021-12-31,2028-12-31,90.0703125,90.125,1.375,USD,90.21853537087912,90.05566683116044,0.1628685397186871
United States Treasury Note/Bond,2022-01-31,2029-01-31,91.1875,91.234375,1.75,USD,91.2109375,91.22148013575847,-0.010542635758469032
United States Treasury Note/Bond,2024-01-31,2029-01-31,99.265625,99.296875,4.0,USD,99.28125,99.43660669451548,-0.15535669451547562
United States Treasury Note/Bond,2019-02-15,2029-02-15,94.265625,94.3046875,2.625,USD,95.4906589673913,95.52958556267728,-0.038926595285985854
United States Treasury Note/Bond,1999-02-16,2029-02-15,104.0078125,104.3515625,5.25,USD,106.59069293478261,106.40549772655068,0.18519520823193147
United States Treasury Note/Bond,2022-02-28,2029-02-28,91.4765625,91.5078125,1.875,USD,92.28702445652173,92.22372273501074,0.06330172151099589
United States Treasury Note/Bond,2024-02-29,2029-02-28,100.15625,100.1875,4.25,USD,101.97350543478261,102.04994427674416,-0.07643884196154715
United States Treasury Note/Bond,2022-03-31,2029-03-31,93.1484375,93.1796875,2.375,USD,93.97103763812154,93.88257627919548,0.0884613589260681
United States Treasury Note/Bond,2024-04-01,2029-03-31,99.671875,99.7109375,4.125,USD,101.09299464779005,101.10125932273166,-0.008264674941614203
United States Treasury Note/Bond,2024-04-30,2029-04-30,101.5703125,101.6015625,4.625,USD,102.76759958791209,102.9229861543335,-0.1553865664214129
United States Treasury Note/Bond,2022-05-02,2029-04-30,94.921875,94.96875,2.875,USD,95.6798592032967,95.72528468336472,-0.04542548006801894
United States Treasury Note/Bond,2019-05-15,2029-05-15,92.9921875,93.015625,2.375,USD,93.50908580801105,93.48625857833628,0.022827229674774685
United States Treasury Note/Bond,2022-05-31,2029-05-31,94.3203125,94.3671875,2.75,USD,94.81474447513813,94.67070753049666,0.14403694464147065
United States Treasury Note/Bond,2024-05-31,2029-05-31,101.1171875,101.140625,4.5,USD,101.8996244820442,101.84030869858795,0.0593157834562561
United States Treasury Note/Bond,2022-06-30,2029-06-30,96.1875,96.21875,3.25,USD,96.48883928571429,96.47539490356672,0.01344438214756849
United States Treasury Note/Bond,2024-07-01,2029-06-30,100.1328125,100.15625,4.25,USD,100.51815762362638,100.55824917246012,-0.04009154883374322
United States Treasury Note/Bond,2024-07-31,2029-07-31,99.1484375,99.1796875,4.0,USD,99.1640625,99.27762798271328,-0.11356548271328393
United States Treasury Note/Bond,2022-08-01,2029-07-31,93.625,93.65625,2.625,USD,93.640625,93.68656052033921,-0.045935520339213554
United States Treasury Note/Bond,2019-08-15,2029-08-15,89.6640625,89.6953125,1.625,USD,90.42595108695652,90.25342007151671,0.17253101543980165
United States Treasury Note/Bond,1999-08-16,2029-08-15,107.609375,107.96875,6.125,USD,110.60190217391305,110.76191138356981,-0.16000920965676357
United States Treasury Note/Bond,2022-08-31,2029-08-31,95.53125,95.5625,3.125,USD,96.87160326086956,96.770625046683,0.1009782141865685
United States Treasury Note/Bond,2024-09-03,2029-08-31,97.609375,97.640625,3.625,USD,99.16168478260869,99.04568206273616,0.11600271987252597
United States Treasury Note/Bond,2022-09-30,2029-09-30,98.5546875,98.5859375,3.875,USD,99.88695614640883,99.96814404087176,-0.08118789446292851
United States Treasury Note/Bond,2024-09-30,2029-09-30,97.0234375,97.046875,3.5,USD,98.22438276933701,98.26645760367559,-0.04207483433857817
United States Treasury Note/Bond,2022-10-31,2029-10-31,99.03125,99.0703125,4.0,USD,100.07275927197801,100.16389456799027,-0.09113529601225423
United States Treasury Note/Bond,2024-10-31,2029-10-31,99.6015625,99.625,4.125,USD,100.66719608516483,100.72931022264282,-0.062114137477990994
United States Treasury Note/Bond,2019-11-15,2029-11-15,89.625,89.6953125,1.75,USD,90.03239381906077,89.8224511868529,0.2099426322078699
United States Treasury Note/Bond,2022-11-30,2029-11-30,98.46875,98.5078125,3.875,USD,99.15195528314918,99.21249050363639,-0.060535220487210495
United States Treasury Note/Bond,2024-12-02,2029-11-30,99.625,99.640625,4.125,USD,100.33930421270718,100.33912337243558,0.000180840271596594
United States Treasury Note/Bond,2023-01-03,2029-12-31,98.4375,98.46875,3.875,USD,98.79378434065934,98.77294642388883,0.020837916770517495
United States Treasury Note/Bond,2024-12-31,2029-12-31,100.65625,100.671875,4.375,USD,101.04867788461539,101.01781166043713,0.030866224178254242
United States Treasury Note/Bond,2023-01-31,2030-01-31,96.75,96.7890625,3.5,USD,96.76953125,96.83572068324479,-0.06618943324478721
United States Treasury Note/Bond,2025-01-31,2030-01-31,100.1328125,100.140625,4.25,USD,100.13671875,100.18983086885373,-0.05311211885373268
United States Treasury Note/Bond,2020-02-18,2030-02-15,87.828125,87.8984375,1.5,USD,88.55213994565217,88.4477190896122,0.10442085603996532
United States Treasury Note/Bond,2023-02-28,2030-02-28,98.9296875,98.9609375,4.0,USD,100.64096467391305,100.64657187575212,-0.005607201839069376
United States Treasury Note/Bond,2023-03-31,2030-03-31,97.1875,97.2109375,3.625,USD,98.43091764502762,98.38597554556401,0.044942099463611385
United States Treasury Note/Bond,2023-05-01,2030-04-30,96.5625,96.5859375,3.5,USD,97.46844951923077,97.54430414278578,-0.07585462355500283
United States Treasury Note/Bond,2000-02-15,2030-05-15,109.2265625,109.5390625,6.25,USD,110.71223238950276,110.85505191450083,-0.1428195249980746
United States Treasury Note/Bond,2020-05-15,2030-05-15,83.1640625,83.2421875,0.625,USD,83.33606698895028,83.21189543255261,0.12417155639766975
United States Treasury Note/Bond,2023-05-31,2030-05-31,97.6484375,97.671875,3.75,USD,98.30242144337016,98.20095783409825,0.10146360927191722
United States Treasury Note/Bond,2023-06-30,2030-06-30,97.609375,97.6328125,3.75,USD,97.95076407967034,97.95509272846961,-0.004328648799273083
United States Treasury Note/Bond,2023-07-31,2030-07-31,98.7734375,98.796875,4.0,USD,98.78515625,98.91887206085684,-0.1337158108568417
United States Treasury Note/Bond,2020-08-17,2030-08-15,82.4140625,82.5,0.625,USD,82.74405570652173,82.62587400649196,0.11818170002977979
United States Treasury Note/Bond,2023-08-31,2030-08-31,99.328125,99.3515625,4.125,USD,101.08848505434783,101.01714144826211,0.0713436060857191
United States Treasury Note/Bond,2023-10-02,2030-09-30,101.78125,101.8125,4.625,USD,103.36835290055248,103.46028958638203,-0.09193668582955183
United States Treasury Note/Bond,2023-10-31,2030-10-31,103.0546875,103.078125,4.875,USD,104.31194196428571,104.41992783716566,-0.10798587287995076
United States Treasury Note/Bond,2020-11-16,2030-11-15,82.9765625,83.0546875,0.875,USD,83.2017437845304,82.9978311430318,0.20391264149859012
United States Treasury Note/Bond,2023-11-30,2030-11-30,100.515625,100.546875,4.375,USD,101.28055939226519,101.36538185342815,-0.08482246116295755
United States Treasury Note/Bond,2024-01-02,2030-12-31,97.3125,97.3359375,3.75,USD,97.65388907967034,97.63562034182095,0.018268737849382433
United States Treasury Note/Bond,2024-01-31,2031-01-31,98.5703125,98.6015625,4.0,USD,98.5859375,98.69866408942177,-0.11272658942176861
United States Treasury Note/Bond,2001-02-15,2031-02-15,105.6796875,105.9921875,5.375,USD,108.30434782608695,108.38516849882029,-0.08082067273333848
United States Treasury Note/Bond,2021-02-16,2031-02-15,83.6796875,83.7578125,1.125,USD,84.23539402173913,83.96322940933432,0.2721646124048078
United States Treasury Note/Bond,2024-02-29,2031-02-28,99.84375,99.875,4.25,USD,101.66100543478261,101.700998652592,-0.03999321780939624
United States Treasury Note/Bond,2024-04-01,2031-03-31,99.15625,99.1875,4.125,USD,100.57346339779005,100.55601678664618,0.017446611143867585
United States Treasury Note/Bond,2024-04-30,2031-04-30,101.8359375,101.859375,4.625,USD,103.02931833791209,103.16790679626953,-0.1385884583574466
United States Treasury Note/Bond,2021-05-17,2031-05-15,85.578125,85.6171875,1.625,USD,85.94330542127072,85.88284548446221,0.06045993680851325
United States Treasury Note/Bond,2024-05-31,2031-05-31,101.8125,101.84375,4.625,USD,102.6202520718232,102.56628101705613,0.05397105476707509
United States Treasury Note/Bond,2024-07-01,2031-06-30,99.78125,99.8046875,4.25,USD,100.16659512362638,100.16811568074257,-0.0015205571161942544
United States Treasury Note/Bond,2024-07-31,2031-07-31,99.078125,99.1015625,4.125,USD,99.08984375,99.17895781341409,-0.08911406341408679
United States Treasury Note/Bond,2021-08-16,2031-08-15,82.90625,82.953125,1.25,USD,83.50373641304348,83.39456611985574,0.10917029318774496
United States Treasury Note/Bond,2024-09-03,2031-08-31,96.90625,96.9375,3.75,USD,98.51154891304348,98.47561894914979,0.035929963893693184
United States Treasury Note/Bond,2024-09-30,2031-09-30,96.171875,96.203125,3.625,USD,97.41919889502762,97.44994695349682,-0.030748058469200146
United States Treasury Note/Bond,2024-10-31,2031-10-31,98.984375,99.015625,4.125,USD,100.05391483516483,100.22705113145916,-0.1731362962943308
United States Treasury Note/Bond,2021-11-15,2031-11-15,83.03125,83.0625,1.375,USD,83.33934737569061,83.30534369013166,0.034003685558943175
United States Treasury Note/Bond,2024-12-02,2031-11-30,98.96875,99.0,4.125,USD,99.69086671270718,99.72715594703911,-0.03628923433193165
United States Treasury Note/Bond,2024-12-31,2031-12-31,101.171875,101.203125,4.5,USD,101.5831043956044,101.64688045894562,-0.06377606334122277
United States Treasury Note/Bond,2025-01-31,2032-01-31,100.4375,100.453125,4.375,USD,100.4453125,100.46758612798885,-0.02227362798885224
United States Treasury Note/Bond,2022-02-15,2032-02-15,85.421875,85.46875,1.875,USD,86.30638586956522,85.92969406294691,0.3766918066183109
United States Treasury Note/Bond,2022-05-16,2032-05-15,91.125,91.15625,2.875,USD,91.75215814917127,91.66306969142292,0.08908845774834617
United States Treasury Note/Bond,2022-08-15,2032-08-15,90.03125,90.078125,2.75,USD,91.31759510869566,91.3275945294112,-0.009999420715544716
United States Treasury Note/Bond,2022-11-15,2032-11-15,98.75,98.78125,4.125,USD,99.64304212707182,99.69355752660744,-0.05051539953561246
United States Treasury Note/Bond,2023-02-15,2033-02-15,94.40625,94.421875,3.5,USD,96.02139945652173,96.10306532672433,-0.08166587020259897
United States Treasury Note/Bond,2023-05-15,2033-05-15,93.34375,93.375,3.375,USD,94.0772617403315,94.12468529855832,-0.04742355822682498
United States Treasury Note/Bond,2023-08-15,2033-08-15,96.625,96.671875,3.875,USD,98.42798913043478,98.47500878346193,-0.04701965302714939
United States Treasury Note/Bond,2023-11-15,2033-11-15,101.0,101.046875,4.5,USD,101.98061982044199,102.01823012731273,-0.03761030687074651
United States Treasury Note/Bond,2024-02-15,2034-02-15,97.28125,97.3125,4.0,USD,99.13383152173913,99.08045224996607,0.05337927177305346
United States Treasury Note/Bond,2024-05-15,2034-05-15,100.0,100.03125,4.375,USD,100.94621892265194,100.80731337243881,0.13890555021312423
United States Treasury Note/Bond,2024-08-15,2034-08-15,96.140625,96.15625,3.875,USD,97.92798913043478,97.55997578660498,0.36801334382980144
United States Treasury Note/Bond,2024-11-15,2034-11-15,98.9375,98.96875,4.25,USD,99.85713052486187,99.33362693152988,0.5235035933319949
United States Treasury Note/Bond,2025-02-18,2035-02-15,101.953125,101.96875,4.625,USD,101.9609375,103.37064916585217,-1.4097116658521713
United States Treasury Note/Bond,2006-02-15,2036-02-15,101.546875,101.921875,4.5,USD,103.80095108695652,103.20759115596022,0.5933599309963
United States Treasury Note/Bond,2007-02-15,2037-02-15,103.484375,103.6875,4.75,USD,105.76732336956522,105.73226095297417,0.03506241659104603
United States Treasury Note/Bond,2007-08-15,2037-05-15,105.640625,105.828125,5.0,USD,106.79791091160222,106.89672180049887,-0.0988108888966508
United States Treasury Note/Bond,2008-02-15,2038-02-15,99.296875,99.515625,4.375,USD,101.41542119565217,101.48277103525746,-0.06734983960528496
United States Treasury Note/Bond,2008-08-15,2038-05-15,100.5,100.75,4.5,USD,101.58218232044199,101.54347180122296,0.038710519219023354
United States Treasury Note/Bond,2009-02-17,2039-02-15,89.84375,90.0625,3.5,USD,91.56046195652173,91.33437626176612,0.2260856947556107
United States Treasury Note/Bond,2009-05-15,2039-05-15,97.109375,97.34375,4.25,USD,98.13056802486187,98.22988117286864,-0.09931314800677171
United States Treasury Note/Bond,2009-08-17,2039-08-15,99.609375,99.78125,4.5,USD,101.76188858695652,101.85304713044013,-0.09115854348361552
United States Treasury Note/Bond,2009-11-16,2039-11-15,98.171875,98.359375,4.375,USD,99.19621892265194,99.22823132646771,-0.032012403815770085
United States Treasury Note/Bond,2010-02-16,2040-02-15,100.75,100.953125,4.625,USD,102.97554347826087,103.01749677537506,-0.04195329711419049
United States Treasury Note/Bond,2010-05-17,2040-05-15,97.921875,98.109375,4.375,USD,98.94621892265194,98.97968895362092,-0.03347003096898504
United States Treasury Note/Bond,2020-06-01,2040-05-15,62.15625,62.328125,1.125,USD,62.4814830801105,62.36928062600339,0.11220245410711271
United States Treasury Note/Bond,2010-08-16,2040-08-15,92.25,92.484375,3.875,USD,94.14673913043478,94.1158768651352,0.030862265299575142
United States Treasury Note/Bond,2020-08-31,2040-08-15,61.5625,61.75,1.125,USD,62.17289402173913,62.127056278564716,0.0458377431744168
United States Treasury Note/Bond,2010-11-15,2040-11-15,96.265625,96.46875,4.25,USD,97.27119302486187,97.28574353950417,-0.014550514642294843
United States Treasury Note/Bond,2020-11-30,2040-11-15,63.8125,63.96875,1.375,USD,64.18309737569061,64.20411513603582,-0.02101776034521663
United States Treasury Note/Bond,2011-02-15,2041-02-15,101.84375,102.0625,4.75,USD,104.13451086956522,104.11368163263415,0.020829236931064088
United States Treasury Note/Bond,2021-03-01,2041-02-15,69.03125,69.1875,1.875,USD,69.97044836956522,69.98475166005379,-0.014303290488570042
United States Treasury Note/Bond,2011-05-16,2041-05-15,97.421875,97.609375,4.375,USD,98.44621892265194,98.44886966261123,-0.0026507399592929914
United States Treasury Note/Bond,2021-06-01,2041-05-15,72.9375,73.125,2.25,USD,73.509841160221,73.4970334543299,0.012807705891106025
United States Treasury Note/Bond,2011-08-15,2041-08-15,90.078125,90.28125,3.75,USD,91.90183423913044,91.81838356843164,0.08345067069879519
United States Treasury Note/Bond,2021-08-31,2041-08-15,66.65625,66.8125,1.75,USD,67.53804347826087,67.61220132113262,-0.07415784287174176
United States Treasury Note/Bond,2011-11-15,2041-11-15,82.515625,82.75,3.125,USD,83.29752244475138,83.20451588600388,0.09300655874750419
United States Treasury Note/Bond,2021-11-30,2041-11-15,69.140625,69.28125,2.0,USD,69.63635186464089,69.7371228604904,-0.10077099584951554
United States Treasury Note/Bond,2012-02-15,2042-02-15,82.25,82.421875,3.125,USD,83.7710597826087,83.69439445861599,0.07666532399271375
United States Treasury Note/Bond,2022-02-28,2042-02-15,73.1875,73.3125,2.375,USD,74.34069293478261,74.447701710843,-0.10700877606039683
United States Treasury Note/Bond,2012-05-15,2042-05-15,80.421875,80.671875,3.0,USD,81.18499654696133,81.13093134678931,0.05406520017201899
United States Treasury Note/Bond,2022-05-31,2042-05-15,83.453125,83.5625,3.25,USD,84.19911084254143,84.17937240083182,0.019738441709606036
United States Treasury Note/Bond,2012-08-15,2042-08-15,77.09375,77.265625,2.75,USD,78.44259510869566,78.44247924674734,0.00011586194831636476
United States Treasury Note/Bond,2022-08-31,2042-08-15,84.6875,84.78125,3.375,USD,86.28430706521739,86.28534981390581,-0.0010427486884196924
United States Treasury Note/Bond,2012-11-15,2042-11-15,76.734375,76.90625,2.75,USD,77.40525725138122,77.45778233133511,-0.052525079953895215
United States Treasury Note/Bond,2022-11-30,2042-11-15,92.140625,92.21875,4.0,USD,93.03051622928177,92.97079481940752,0.05972140987425689
United States Treasury Note/Bond,2013-02-15,2043-02-15,81.0,81.171875,3.125,USD,82.5210597826087,82.61936444097586,-0.09830465836715518
United States Treasury Note/Bond,2023-02-28,2043-02-15,90.421875,90.5,3.875,USD,92.24048913043478,92.19107377980059,0.04941535063419167
United States Treasury Note/Bond,2013-05-15,2043-05-15,77.734375,77.90625,2.875,USD,78.43184564917127,78.4529768510483,-0.021131201877039985
United States Treasury Note/Bond,2023-05-31,2043-05-15,90.203125,90.28125,3.875,USD,91.06642783149171,91.07422133628617,-0.007793504794463502
United States Treasury Note/Bond,2013-08-15,2043-08-15,86.859375,86.984375,3.625,USD,88.5866168478261,88.62641732776504,-0.039800479938946864
United States Treasury Note/Bond,2023-08-31,2043-08-15,96.375,96.4375,4.375,USD,98.41542119565217,98.3541603885914,0.0612608070607763
United States Treasury Note/Bond,2013-11-15,2043-11-15,88.265625,88.375,3.75,USD,89.11796443370166,89.15360728235913,-0.035642848657474246
United States Treasury Note/Bond,2023-11-30,2043-11-15,101.03125,101.078125,4.75,USD,102.0650466160221,101.98012264103363,0.08492397498847026
United States Treasury Note/Bond,2014-02-18,2044-02-15,86.5,86.59375,3.625,USD,88.2116168478261,88.24065650604686,-0.029039658220767706
United States Treasury Note/Bond,2024-02-29,2044-02-15,97.6875,97.734375,4.5,USD,99.77751358695652,99.7668310358718,0.010682551084713054
United States Treasury Note/Bond,2014-05-15,2044-05-15,83.140625,83.265625,3.375,USD,83.9210117403315,83.8800761393233,0.040935601008200706
United States Treasury Note/Bond,2024-05-31,2044-05-15,99.1875,99.234375,4.625,USD,100.19470821823204,100.1627015104003,0.032006707831740755
United States Treasury Note/Bond,2014-08-15,2044-08-15,79.6875,79.828125,3.125,USD,81.1929347826087,81.10706599514555,0.08586878746315563
United States Treasury Note/Bond,2024-09-03,2044-08-15,92.671875,92.703125,4.125,USD,94.58186141304348,94.47647519756205,0.10538621548143112
United States Treasury Note/Bond,2014-11-17,2044-11-15,77.890625,78.0,3.0,USD,78.58343404696133,78.39125605270166,0.19217799425966575
United States Treasury Note/Bond,2024-12-02,2044-11-15,99.078125,99.109375,4.625,USD,100.07752071823204,99.87336633627632,0.20415438195571767
United States Treasury Note/Bond,2015-02-17,2045-02-15,71.28125,71.40625,2.5,USD,72.49184782608695,72.07133089601666,0.420516930070292
United States Treasury Note/Bond,2025-02-28,2045-02-15,101.0,101.03125,4.75,USD,101.015625,102.58192168912012,-1.5662966891201222
United States Treasury Note/Bond,2015-05-15,2045-05-15,77.546875,77.671875,3.0,USD,78.24749654696133,77.99469046425479,0.2528060827065417
United States Treasury Note/Bond,2015-08-17,2045-08-15,75.765625,75.875,2.875,USD,77.140625,76.93732503538902,0.2032999646109772
United States Treasury Note/Bond,2015-11-16,2045-11-15,77.21875,77.34375,3.0,USD,77.91937154696133,77.82810905398979,0.09126249297153777
United States Treasury Note/Bond,2016-02-16,2046-02-15,70.3125,70.4375,2.5,USD,71.52309782608695,71.47340073935871,0.049697086728244244
United States Treasury Note/Bond,2016-05-16,2046-05-15,70.046875,70.171875,2.5,USD,70.6411429558011,70.6528411802534,-0.011698224452302952
United States Treasury Note/Bond,2016-08-15,2046-08-15,66.46875,66.59375,2.25,USD,67.56453804347827,67.50595850105243,0.05857954242583219
United States Treasury Note/Bond,2016-11-15,2046-11-15,74.6875,74.8125,2.875,USD,75.36153314917127,75.39792474535231,-0.0363915961810477
United States Treasury Note/Bond,2017-02-15,2047-02-15,76.171875,76.296875,3.0,USD,77.61209239130434,77.66596809028938,-0.05387569898503841
United States Treasury Note/Bond,2017-05-15,2047-05-15,76.0,76.125,3.0,USD,76.70062154696133,76.72454014254787,-0.02391859558653664
United States Treasury Note/Bond,2017-08-15,2047-08-15,72.359375,72.46875,2.75,USD,73.67697010869566,73.64964823150078,0.027321877194879107
United States Treasury Note/Bond,2017-11-15,2047-11-15,72.171875,72.265625,2.75,USD,72.80369475138122,72.75640705263822,0.047287698742991324
United States Treasury Note/Bond,2018-02-15,2048-02-15,75.4375,75.546875,3.0,USD,76.86990489130434,76.86848491320163,0.001419978102717323
United States Treasury Note/Bond,2018-05-15,2048-05-15,77.03125,77.140625,3.125,USD,77.75064744475138,77.75071693296823,-6.94882168517097e-05
United States Treasury Note/Bond,2018-08-15,2048-08-15,75.09375,75.203125,3.0,USD,76.52615489130434,76.51072849953184,0.015426391772507486
United States Treasury Note/Bond,2018-11-15,2048-11-15,80.265625,80.375,3.375,USD,81.0381992403315,81.11076217913083,-0.07256293879933651
United States Treasury Note/Bond,2019-02-15,2049-02-15,74.828125,74.9375,3.0,USD,76.26052989130434,76.26300385111601,-0.0024739598116667594
United States Treasury Note/Bond,2019-05-15,2049-05-15,72.90625,73.0,2.875,USD,73.56465814917127,73.61091972028396,-0.046261571112694355
United States Treasury Note/Bond,2019-08-15,2049-08-15,63.78125,63.875,2.25,USD,64.86141304347827,64.8369981037808,0.024414939697464888
United States Treasury Note/Bond,2019-11-15,2049-11-15,65.4375,65.53125,2.375,USD,65.98955455801105,66.07162818972124,-0.08207363171018756
United States Treasury Note/Bond,2020-02-18,2050-02-15,59.84375,59.9375,2.0,USD,60.80910326086956,60.878911287626934,-0.06980802675737152
United States Treasury Note/Bond,2020-05-15,2050-05-15,48.984375,49.078125,1.25,USD,49.29713397790055,48.9795243426704,0.3176096352301485
United States Treasury Note/Bond,2020-08-17,2050-08-15,50.328125,50.40625,1.375,USD,50.99864130434783,50.99362062912452,0.005020675223306625
United States Treasury Note/Bond,2020-11-16,2050-11-15,53.78125,53.875,1.625,USD,54.173774171270715,54.22216408656058,-0.04838991528986725
United States Treasury Note/Bond,2021-02-16,2051-02-15,57.34375,57.421875,1.875,USD,58.24388586956522,58.27770063049317,-0.0338147609279531
United States Treasury Note/Bond,2021-05-17,2051-05-15,64.671875,64.765625,2.375,USD,65.22392955801105,65.29787756369755,-0.07394800568650339
United States Treasury Note/Bond,2021-08-16,2051-08-15,58.890625,58.96875,2.0,USD,59.84816576086956,59.85127320656453,-0.0031074456949653495
United States Treasury Note/Bond,2021-11-15,2051-11-15,56.890625,56.96875,1.875,USD,57.32851346685083,57.25585719413938,0.07265627271144837
United States Treasury Note/Bond,2022-02-15,2052-02-15,62.421875,62.5,2.25,USD,63.49422554347826,63.47533773798869,0.018887805489569587
United States Treasury Note/Bond,2022-05-16,2052-05-15,71.859375,71.9375,2.875,USD,72.50997064917127,72.56208207979036,-0.0521114306190924
United States Treasury Note/Bond,2022-08-15,2052-08-15,73.734375,73.8125,3.0,USD,75.15115489130434,75.18786895285106,-0.03671406154671786
United States Treasury Note/Bond,2022-11-15,2052-11-15,89.328125,89.40625,4.0,USD,90.21801622928177,90.18380588908394,0.034210340197830647
United States Treasury Note/Bond,2023-02-15,2053-02-15,83.421875,83.515625,3.625,USD,85.1334918478261,85.16730562239363,-0.03381377456753398
United States Treasury Note/Bond,2023-05-15,2053-05-15,83.4375,83.515625,3.625,USD,84.24762603591161,84.30102753359313,-0.05340149768152003
United States Treasury Note/Bond,2023-08-15,2053-08-15,91.359375,91.4375,4.125,USD,93.29279891304348,93.3323342115733,-0.03953529852981319
United States Treasury Note/Bond,2023-11-15,2053-11-15,101.3125,101.359375,4.75,USD,102.3462966160221,102.39750223783018,-0.05120562180808008
United States Treasury Note/Bond,2024-02-15,2054-02-15,93.375,93.421875,4.25,USD,95.35020380434783,95.44257797788443,-0.09237417353659794
United States Treasury Note/Bond,2024-05-15,2054-05-15,99.4375,99.484375,4.625,USD,100.44470821823204,100.41165045415399,0.03305776407805183
United States Treasury Note/Bond,2024-08-15,2054-08-15,93.53125,93.578125,4.25,USD,95.50645380434783,95.21099752473941,0.29545627960841614
United States Treasury Note/Bond,2024-11-15,2054-11-15,97.625,97.65625,4.5,USD,98.59780732044199,97.88271233953519,0.7150949809067981
United States Treasury Note/Bond,2025-02-18,2055-02-15,99.765625,99.796875,4.625,USD,99.78125,100.55265676594215,-0.771406765942146
